,date,time,latitude,longitude,region name,depth,magnitude type,magnitude,eqid,hour,minute,second,datetime,has_influence_on
0,2016-11-16,22:55:54,42.83,13.11,CENTRAL ITALY,10,ML,2.5,546052,22,55,54.0,2016-11-16 22:55:54,ICV
1,2016-11-16,21:07:27,44.22,15.18,CROATIA,10,ML,3.4,546042,21,7,27.0,2016-11-16 21:07:27,ICV
2,2016-11-16,19:28:18,42.92,13.16,CENTRAL ITALY,9,ML,2.6,546012,19,28,18.0,2016-11-16 19:28:18,ICV
3,2016-11-16,18:54:08,42.72,13.29,CENTRAL ITALY,13,ML,2.5,546011,18,54,8.0,2016-11-16 18:54:08,ICV
4,2016-11-16,17:33:12,43.04,13.1,CENTRAL ITALY,10,ML,2.5,545998,17,33,12.0,2016-11-16 17:33:12,ICV
5,2016-11-16,15:04:22,43.04,13.1,CENTRAL ITALY,9,ML,3.0,545982,15,4,22.0,2016-11-16 15:04:22,ICV
6,2016-11-16,13:24:41,42.94,13.22,CENTRAL ITALY,9,ML,2.7,545943,13,24,41.0,2016-11-16 13:24:41,ICV
7,2016-11-16,11:52:22,42.8,13.13,CENTRAL ITALY,9,ML,3.9,545930,11,52,22.0,2016-11-16 11:52:22,ICV
8,2016-11-16,10:34:42,42.93,13.23,CENTRAL ITALY,8,ML,2.9,545905,10,34,42.0,2016-11-16 10:34:42,ICV
9,2016-11-16,09:41:02,43.04,13.11,CENTRAL ITALY,8,ML,3.0,545883,9,41,2.0,2016-11-16 09:41:02,ICV
10,2016-11-16,01:39:14,42.89,13.16,CENTRAL ITALY,8,ML,3.0,545820,1,39,14.0,2016-11-16 01:39:14,ICV
11,2016-11-15,22:57:52,42.75,13.21,CENTRAL ITALY,10,ML,3.3,545786,22,57,52.0,2016-11-15 22:57:52,ICV
12,2016-11-15,20:35:43,42.77,13.15,CENTRAL ITALY,10,ML,2.8,545775,20,35,43.0,2016-11-15 20:35:43,ICV
13,2016-11-15,18:30:58,43.03,13.08,CENTRAL ITALY,9,ML,3.2,545747,18,30,58.0,2016-11-15 18:30:58,ICV
14,2016-11-15,17:04:36,43.03,13.07,CENTRAL ITALY,9,ML,3.0,545728,17,4,36.0,2016-11-15 17:04:36,ICV
15,2016-11-15,14:00:52,43.01,13.09,CENTRAL ITALY,9,ML,2.7,545695,14,0,52.0,2016-11-15 14:00:52,ICV
16,2016-11-15,11:11:47,43.06,13.07,CENTRAL ITALY,9,ML,2.7,545667,11,11,47.0,2016-11-15 11:11:47,ICV
17,2016-11-15,09:27:13,52.97,9.26,GERMANY,5,ML,2.5,545664,9,27,13.0,2016-11-15 09:27:13,DHO
18,2016-11-15,09:27:13,52.97,9.26,GERMANY,5,ML,2.5,545664,9,27,13.0,2016-11-15 09:27:13,GVT
19,2016-11-15,07:55:22,42.73,13.27,CENTRAL ITALY,13,ML,2.6,545629,7,55,22.0,2016-11-15 07:55:22,ICV
20,2016-11-15,06:10:55,42.94,13.2,CENTRAL ITALY,8,ML,2.7,545604,6,10,55.0,2016-11-15 06:10:55,ICV
21,2016-11-15,01:38:02,43.19,13.16,CENTRAL ITALY,9,ML,3.1,545565,1,38,2.0,2016-11-15 01:38:02,ICV
22,2016-11-14,23:37:11,42.71,13.13,CENTRAL ITALY,11,ML,3.0,545549,23,37,11.0,2016-11-14 23:37:11,ICV
23,2016-11-14,19:49:52,42.94,13.15,CENTRAL ITALY,10,ML,4.0,545516,19,49,52.0,2016-11-14 19:49:52,ICV
24,2016-11-14,17:38:38,42.93,13.17,CENTRAL ITALY,10,ML,2.5,545483,17,38,38.0,2016-11-14 17:38:38,ICV
25,2016-11-14,16:37:10,43.04,13.06,CENTRAL ITALY,10,ML,2.5,545479,16,37,10.0,2016-11-14 16:37:10,ICV
26,2016-11-14,15:34:19,42.86,13.16,CENTRAL ITALY,11,ML,3.0,545472,15,34,19.0,2016-11-14 15:34:19,ICV
27,2016-11-14,14:25:13,42.98,13.06,CENTRAL ITALY,10,ML,3.1,545444,14,25,13.0,2016-11-14 14:25:13,ICV
28,2016-11-14,10:35:37,42.97,13.12,CENTRAL ITALY,9,ML,2.6,545379,10,35,37.0,2016-11-14 10:35:37,ICV
29,2016-11-14,09:12:39,42.99,13.08,CENTRAL ITALY,10,ML,2.5,545366,9,12,39.0,2016-11-14 09:12:39,ICV
30,2016-11-14,08:39:28,43.01,13.07,CENTRAL ITALY,9,ML,2.6,545363,8,39,28.0,2016-11-14 08:39:28,ICV
31,2016-11-14,06:01:04,42.87,13.15,CENTRAL ITALY,10,ML,2.7,545324,6,1,4.0,2016-11-14 06:01:04,ICV
32,2016-11-14,05:32:42,43.01,13.07,CENTRAL ITALY,8,ML,3.1,545320,5,32,42.0,2016-11-14 05:32:42,ICV
33,2016-11-14,02:37:17,42.86,13.17,CENTRAL ITALY,11,ML,2.9,545306,2,37,17.0,2016-11-14 02:37:17,ICV
34,2016-11-14,01:33:43,42.86,13.16,CENTRAL ITALY,11,ML,4.0,545291,1,33,43.0,2016-11-14 01:33:43,ICV
35,2016-11-14,00:52:16,42.81,13.18,CENTRAL ITALY,10,ML,2.8,545279,0,52,16.0,2016-11-14 00:52:16,ICV
36,2016-11-13,23:01:51,42.95,13.09,CENTRAL ITALY,9,ML,3.3,545252,23,1,51.0,2016-11-13 23:01:51,ICV
37,2016-11-13,22:05:01,42.46,13.24,CENTRAL ITALY,10,ML,2.5,545242,22,5,1.0,2016-11-13 22:05:01,ICV
38,2016-11-13,21:11:25,42.8,13.21,CENTRAL ITALY,13,ML,2.6,545228,21,11,25.0,2016-11-13 21:11:25,ICV
39,2016-11-13,20:30:10,42.66,13.32,CENTRAL ITALY,12,ML,2.8,545221,20,30,10.0,2016-11-13 20:30:10,ICV
40,2016-11-13,19:02:10,42.45,13.24,CENTRAL ITALY,11,ML,2.6,545209,19,2,10.0,2016-11-13 19:02:10,ICV
41,2016-11-13,17:43:06,42.44,13.24,CENTRAL ITALY,11,ML,2.5,545203,17,43,6.0,2016-11-13 17:43:06,ICV
42,2016-11-13,14:11:56,42.9,13.18,CENTRAL ITALY,10,ML,2.5,545125,14,11,56.0,2016-11-13 14:11:56,ICV
43,2016-11-13,13:18:59,42.96,13.05,CENTRAL ITALY,8,ML,2.9,545102,13,18,59.0,2016-11-13 13:18:59,ICV
44,2016-11-13,11:53:54,42.72,13.22,CENTRAL ITALY,10,ML,3.3,545074,11,53,54.0,2016-11-13 11:53:54,ICV
45,2016-11-13,10:18:38,43.04,13.06,CENTRAL ITALY,10,ML,2.9,545032,10,18,38.0,2016-11-13 10:18:38,ICV
46,2016-11-13,09:35:07,42.99,13.04,CENTRAL ITALY,8,ML,2.7,545023,9,35,7.0,2016-11-13 09:35:07,ICV
47,2016-11-13,08:49:22,43.03,13.07,CENTRAL ITALY,9,ML,2.5,545012,8,49,22.0,2016-11-13 08:49:22,ICV
48,2016-11-13,07:08:54,42.91,13.17,CENTRAL ITALY,9,ML,2.5,544998,7,8,54.0,2016-11-13 07:08:54,ICV
49,2016-11-13,05:56:13,42.99,13.04,CENTRAL ITALY,9,ML,2.9,544984,5,56,13.0,2016-11-13 05:56:13,ICV
50,2016-11-13,03:15:52,42.55,13.23,CENTRAL ITALY,10,ML,3.4,544968,3,15,52.0,2016-11-13 03:15:52,ICV
51,2016-11-13,02:55:46,42.81,13.14,CENTRAL ITALY,10,ML,2.8,544969,2,55,46.0,2016-11-13 02:55:46,ICV
52,2016-11-13,00:43:29,42.81,13.08,CENTRAL ITALY,11,ML,2.7,544953,0,43,29.0,2016-11-13 00:43:29,ICV
53,2016-11-12,23:19:37,42.82,13.1,CENTRAL ITALY,11,ML,3.2,544941,23,19,37.0,2016-11-12 23:19:37,ICV
54,2016-11-12,22:32:23,42.8,13.14,CENTRAL ITALY,10,ML,3.9,544933,22,32,23.0,2016-11-12 22:32:23,ICV
55,2016-11-12,20:29:24,42.8,13.21,CENTRAL ITALY,9,ML,2.8,544914,20,29,24.0,2016-11-12 20:29:24,ICV
56,2016-11-12,19:18:30,43.03,13.07,CENTRAL ITALY,9,ML,3.2,544900,19,18,30.0,2016-11-12 19:18:30,ICV
57,2016-11-12,18:32:40,42.94,13.2,CENTRAL ITALY,8,ML,3.0,544891,18,32,40.0,2016-11-12 18:32:40,ICV
58,2016-11-12,17:15:30,42.81,13.13,CENTRAL ITALY,10,ML,2.8,544886,17,15,30.0,2016-11-12 17:15:30,ICV
59,2016-11-12,15:51:20,42.89,13.19,CENTRAL ITALY,11,ML,2.6,544875,15,51,20.0,2016-11-12 15:51:20,ICV
60,2016-11-12,14:43:33,42.72,13.21,CENTRAL ITALY,10,MB,4.4,544849,14,43,33.0,2016-11-12 14:43:33,ICV
61,2016-11-12,12:34:11,43.0,13.14,CENTRAL ITALY,9,ML,4.0,544826,12,34,11.0,2016-11-12 12:34:11,ICV
62,2016-11-12,11:20:06,42.81,12.77,CENTRAL ITALY,10,ML,3.1,544806,11,20,6.0,2016-11-12 11:20:06,ICV
63,2016-11-12,10:51:13,42.97,13.09,CENTRAL ITALY,10,ML,2.5,544801,10,51,13.0,2016-11-12 10:51:13,ICV
64,2016-11-12,09:04:07,42.9,13.18,CENTRAL ITALY,8,ML,3.2,544793,9,4,7.0,2016-11-12 09:04:07,ICV
65,2016-11-12,05:32:08,42.97,13.16,CENTRAL ITALY,11,ML,2.5,544772,5,32,8.0,2016-11-12 05:32:08,ICV
66,2016-11-12,03:54:59,43.01,13.07,CENTRAL ITALY,10,ML,3.1,544755,3,54,59.0,2016-11-12 03:54:59,ICV
67,2016-11-12,02:51:02,42.8,13.21,CENTRAL ITALY,13,ML,2.6,544747,2,51,2.0,2016-11-12 02:51:02,ICV
68,2016-11-12,01:14:11,42.85,13.07,CENTRAL ITALY,10,ML,2.5,544732,1,14,11.0,2016-11-12 01:14:11,ICV
69,2016-11-12,00:14:25,43.01,13.07,CENTRAL ITALY,9,ML,2.9,544727,0,14,25.0,2016-11-12 00:14:25,ICV
70,2016-11-11,21:58:14,42.9,13.11,CENTRAL ITALY,10,ML,2.7,544708,21,58,14.0,2016-11-11 21:58:14,ICV
71,2016-11-11,20:59:48,42.91,13.22,CENTRAL ITALY,8,ML,2.8,544695,20,59,48.0,2016-11-11 20:59:48,ICV
72,2016-11-11,18:37:52,42.92,13.14,CENTRAL ITALY,10,ML,2.5,544676,18,37,52.0,2016-11-11 18:37:52,ICV
73,2016-11-11,17:53:09,42.83,13.22,CENTRAL ITALY,12,ML,3.1,544673,17,53,9.0,2016-11-11 17:53:09,ICV
74,2016-11-11,15:32:12,42.69,13.24,CENTRAL ITALY,11,ML,2.9,544646,15,32,12.0,2016-11-11 15:32:12,ICV
75,2016-11-11,13:33:45,43.01,13.08,CENTRAL ITALY,9,ML,2.5,544630,13,33,45.0,2016-11-11 13:33:45,ICV
76,2016-11-11,12:20:19,43.08,13.08,CENTRAL ITALY,8,ML,2.8,544613,12,20,19.0,2016-11-11 12:20:19,ICV
77,2016-11-11,11:39:19,42.96,13.15,CENTRAL ITALY,11,ML,3.0,544606,11,39,19.0,2016-11-11 11:39:19,ICV
78,2016-11-11,10:27:54,42.78,13.11,CENTRAL ITALY,11,ML,2.7,544587,10,27,54.0,2016-11-11 10:27:54,ICV
79,2016-11-11,09:11:37,43.07,13.07,CENTRAL ITALY,9,ML,2.7,544568,9,11,37.0,2016-11-11 09:11:37,ICV
80,2016-11-11,08:12:07,43.01,13.07,CENTRAL ITALY,9,ML,2.6,544556,8,12,7.0,2016-11-11 08:12:07,ICV
81,2016-11-11,06:51:27,42.98,13.15,CENTRAL ITALY,9,ML,2.6,544537,6,51,27.0,2016-11-11 06:51:27,ICV
82,2016-11-11,05:48:28,42.79,13.07,CENTRAL ITALY,10,ML,2.9,544523,5,48,28.0,2016-11-11 05:48:28,ICV
83,2016-11-11,04:14:01,43.04,13.09,CENTRAL ITALY,9,ML,3.0,544497,4,14,1.0,2016-11-11 04:14:01,ICV
84,2016-11-11,03:25:16,43.01,13.08,CENTRAL ITALY,9,ML,2.7,544493,3,25,16.0,2016-11-11 03:25:16,ICV
85,2016-11-11,02:44:51,42.89,13.21,CENTRAL ITALY,7,ML,2.7,544489,2,44,51.0,2016-11-11 02:44:51,ICV
86,2016-11-11,00:36:55,42.79,13.12,CENTRAL ITALY,11,ML,3.5,544479,0,36,55.0,2016-11-11 00:36:55,ICV
87,2016-11-10,23:11:30,42.87,13.14,CENTRAL ITALY,9,ML,2.0,544469,23,11,30.0,2016-11-10 23:11:30,ICV
88,2016-11-10,22:48:51,42.98,13.06,CENTRAL ITALY,10,ML,2.7,544466,22,48,51.0,2016-11-10 22:48:51,ICV
89,2016-11-10,20:00:26,42.76,13.16,CENTRAL ITALY,12,ML,2.8,544443,20,0,26.0,2016-11-10 20:00:26,ICV
90,2016-11-10,19:54:34,42.78,13.05,CENTRAL ITALY,10,ML,3.3,544440,19,54,34.0,2016-11-10 19:54:34,ICV
91,2016-11-10,17:23:30,42.99,13.14,CENTRAL ITALY,2,ML,3.5,544412,17,23,30.0,2016-11-10 17:23:30,ICV
92,2016-11-10,16:03:14,42.65,13.21,CENTRAL ITALY,11,ML,3.3,544390,16,3,14.0,2016-11-10 16:03:14,ICV
93,2016-11-10,15:57:33,42.98,13.04,CENTRAL ITALY,8,ML,3.4,544392,15,57,33.0,2016-11-10 15:57:33,ICV
94,2016-11-10,14:43:35,42.83,13.25,CENTRAL ITALY,14,ML,3.1,544373,14,43,35.0,2016-11-10 14:43:35,ICV
95,2016-11-10,13:50:59,42.89,13.13,CENTRAL ITALY,9,ML,3.8,544356,13,50,59.0,2016-11-10 13:50:59,ICV
96,2016-11-10,09:25:04,42.83,13.24,CENTRAL ITALY,16,ML,2.5,544300,9,25,4.0,2016-11-10 09:25:04,ICV
97,2016-11-10,08:51:29,43.02,13.13,CENTRAL ITALY,9,ML,2.5,544294,8,51,29.0,2016-11-10 08:51:29,ICV
98,2016-11-10,06:55:07,42.68,13.21,CENTRAL ITALY,12,ML,2.7,544280,6,55,7.0,2016-11-10 06:55:07,ICV
99,2016-11-10,04:49:18,42.7,13.16,CENTRAL ITALY,8,ML,2.8,544268,4,49,18.0,2016-11-10 04:49:18,ICV
100,2016-11-10,01:14:34,42.93,13.21,CENTRAL ITALY,9,ML,3.1,544240,1,14,34.0,2016-11-10 01:14:34,ICV
101,2016-11-10,00:09:41,42.83,13.03,CENTRAL ITALY,11,ML,2.8,544230,0,9,41.0,2016-11-10 00:09:41,ICV
102,2016-11-09,23:37:30,42.83,13.23,CENTRAL ITALY,14,ML,2.6,544226,23,37,30.0,2016-11-09 23:37:30,ICV
103,2016-11-09,22:10:11,51.04,16.01,POLAND,10,ML,2.6,544211,22,10,11.0,2016-11-09 22:10:11,JXN
104,2016-11-09,21:54:39,42.68,13.3,CENTRAL ITALY,8,ML,2.8,544199,21,54,39.0,2016-11-09 21:54:39,ICV
105,2016-11-09,20:32:11,42.8,13.13,CENTRAL ITALY,10,ML,2.5,544192,20,32,11.0,2016-11-09 20:32:11,ICV
106,2016-11-09,19:55:27,51.5,16.02,POLAND,2,ML,2.4,544183,19,55,27.0,2016-11-09 19:55:27,JXN
107,2016-11-09,19:43:07,42.93,13.15,CENTRAL ITALY,10,ML,3.3,544182,19,43,7.0,2016-11-09 19:43:07,ICV
108,2016-11-09,18:29:12,42.77,13.15,CENTRAL ITALY,9,ML,2.6,544174,18,29,12.0,2016-11-09 18:29:12,ICV
109,2016-11-09,17:51:20,42.7,13.18,CENTRAL ITALY,8,ML,3.1,544169,17,51,20.0,2016-11-09 17:51:20,ICV
110,2016-11-09,16:01:09,42.65,13.21,CENTRAL ITALY,12,ML,2.6,544161,16,1,9.0,2016-11-09 16:01:09,ICV
111,2016-11-09,15:58:43,42.92,18.44,BOSNIA AND HERZEGOVINA,11,MB,4.4,544143,15,58,43.0,2016-11-09 15:58:43,ICV
112,2016-11-09,13:27:26,42.75,13.18,CENTRAL ITALY,13,ML,2.5,544129,13,27,26.0,2016-11-09 13:27:26,ICV
113,2016-11-09,12:22:44,43.01,13.07,CENTRAL ITALY,10,ML,2.8,544123,12,22,44.0,2016-11-09 12:22:44,ICV
114,2016-11-09,07:00:45,43.0,13.07,CENTRAL ITALY,9,ML,2.6,544090,7,0,45.0,2016-11-09 07:00:45,ICV
115,2016-11-09,06:13:10,42.66,13.19,CENTRAL ITALY,13,ML,3.7,544078,6,13,10.0,2016-11-09 06:13:10,ICV
116,2016-11-09,05:03:46,43.0,13.14,CENTRAL ITALY,6,ML,2.8,544064,5,3,46.0,2016-11-09 05:03:46,ICV
117,2016-11-09,03:15:08,43.0,13.15,CENTRAL ITALY,9,ML,3.6,544049,3,15,8.0,2016-11-09 03:15:08,ICV
118,2016-11-09,01:07:27,42.55,13.25,CENTRAL ITALY,11,ML,3.2,544019,1,7,27.0,2016-11-09 01:07:27,ICV
119,2016-11-09,00:02:42,43.02,13.14,CENTRAL ITALY,8,ML,2.8,544009,0,2,42.0,2016-11-09 00:02:42,ICV
120,2016-11-08,23:44:09,42.9,13.19,CENTRAL ITALY,8,ML,2.6,544004,23,44,9.0,2016-11-08 23:44:09,ICV
121,2016-11-08,22:52:39,43.01,13.07,CENTRAL ITALY,9,ML,2.9,543995,22,52,39.0,2016-11-08 22:52:39,ICV
122,2016-11-08,21:29:37,42.55,13.25,CENTRAL ITALY,10,ML,2.6,543982,21,29,37.0,2016-11-08 21:29:37,ICV
123,2016-11-08,20:00:56,42.81,12.77,CENTRAL ITALY,8,ML,3.3,543971,20,0,56.0,2016-11-08 20:00:56,ICV
124,2016-11-08,19:49:21,42.89,13.16,CENTRAL ITALY,9,ML,2.7,543962,19,49,21.0,2016-11-08 19:49:21,ICV
125,2016-11-08,18:49:11,42.87,13.19,CENTRAL ITALY,9,ML,2.6,543947,18,49,11.0,2016-11-08 18:49:11,ICV
126,2016-11-08,17:03:21,42.9,13.18,CENTRAL ITALY,8,ML,2.5,543931,17,3,21.0,2016-11-08 17:03:21,ICV
127,2016-11-08,16:04:33,42.76,13.23,CENTRAL ITALY,9,ML,2.6,543922,16,4,33.0,2016-11-08 16:04:33,ICV
128,2016-11-08,15:13:38,42.65,13.21,CENTRAL ITALY,12,ML,2.7,543893,15,13,38.0,2016-11-08 15:13:38,ICV
129,2016-11-08,14:45:55,42.91,13.2,CENTRAL ITALY,8,ML,2.8,543892,14,45,55.0,2016-11-08 14:45:55,ICV
130,2016-11-08,13:54:01,42.65,13.21,CENTRAL ITALY,14,ML,2.8,543884,13,54,1.0,2016-11-08 13:54:01,ICV
131,2016-11-08,12:21:32,42.67,13.22,CENTRAL ITALY,15,ML,2.5,543868,12,21,32.0,2016-11-08 12:21:32,ICV
132,2016-11-08,11:09:25,42.89,13.22,CENTRAL ITALY,9,ML,2.5,543853,11,9,25.0,2016-11-08 11:09:25,ICV
133,2016-11-08,08:16:27,42.83,13.04,CENTRAL ITALY,10,ML,3.2,543826,8,16,27.0,2016-11-08 08:16:27,ICV
134,2016-11-08,06:00:37,42.81,13.21,CENTRAL ITALY,9,ML,3.5,543794,6,0,37.0,2016-11-08 06:00:37,ICV
135,2016-11-08,05:20:18,42.9,13.18,CENTRAL ITALY,8,ML,3.0,543785,5,20,18.0,2016-11-08 05:20:18,ICV
136,2016-11-08,04:42:40,42.72,13.22,CENTRAL ITALY,14,ML,2.5,543779,4,42,40.0,2016-11-08 04:42:40,ICV
137,2016-11-08,03:28:16,45.02,20.24,SERBIA,358,ML,2.7,543771,3,28,16.0,2016-11-08 03:28:16,ICV
138,2016-11-08,03:28:16,45.02,20.24,SERBIA,358,ML,2.7,543771,3,28,16.0,2016-11-08 03:28:16,JXN
139,2016-11-08,03:28:16,45.02,20.24,SERBIA,358,ML,2.7,543771,3,28,16.0,2016-11-08 03:28:16,DHO
140,2016-11-08,03:28:16,45.02,20.24,SERBIA,358,ML,2.7,543771,3,28,16.0,2016-11-08 03:28:16,GVT
141,2016-11-08,01:45:59,42.94,13.12,CENTRAL ITALY,11,ML,2.5,543764,1,45,59.0,2016-11-08 01:45:59,ICV
142,2016-11-07,23:28:37,42.81,13.17,CENTRAL ITALY,9,ML,2.8,543744,23,28,37.0,2016-11-07 23:28:37,ICV
143,2016-11-07,20:23:58,42.81,13.17,CENTRAL ITALY,10,ML,2.5,543718,20,23,58.0,2016-11-07 20:23:58,ICV
144,2016-11-07,19:16:17,42.94,13.21,CENTRAL ITALY,9,ML,2.9,543710,19,16,17.0,2016-11-07 19:16:17,ICV
145,2016-11-07,18:56:16,42.89,13.15,CENTRAL ITALY,13,ML,4.0,543706,18,56,16.0,2016-11-07 18:56:16,ICV
146,2016-11-07,17:25:43,51.27,10.6,GERMANY,2,ML,2.2,543693,17,25,43.0,2016-11-07 17:25:43,DHO
147,2016-11-07,17:25:43,51.27,10.6,GERMANY,2,ML,2.2,543693,17,25,43.0,2016-11-07 17:25:43,GVT
148,2016-11-07,17:00:31,43.02,13.14,CENTRAL ITALY,9,ML,3.1,543692,17,0,31.0,2016-11-07 17:00:31,ICV
149,2016-11-07,16:58:29,43.02,13.14,CENTRAL ITALY,9,ML,3.4,543689,16,58,29.0,2016-11-07 16:58:29,ICV
150,2016-11-07,15:51:00,42.96,13.13,CENTRAL ITALY,9,ML,2.5,543676,15,51,0.0,2016-11-07 15:51:00,ICV
151,2016-11-07,14:57:44,42.77,13.21,CENTRAL ITALY,9,ML,2.7,543649,14,57,44.0,2016-11-07 14:57:44,ICV
152,2016-11-07,13:36:25,42.78,13.2,CENTRAL ITALY,9,ML,2.6,543641,13,36,25.0,2016-11-07 13:36:25,ICV
153,2016-11-07,12:34:33,42.87,13.08,CENTRAL ITALY,11,ML,3.1,543631,12,34,33.0,2016-11-07 12:34:33,ICV
154,2016-11-07,11:11:06,43.02,13.05,CENTRAL ITALY,9,ML,2.5,543621,11,11,6.0,2016-11-07 11:11:06,ICV
155,2016-11-07,10:45:43,42.81,13.04,CENTRAL ITALY,10,ML,2.5,543616,10,45,43.0,2016-11-07 10:45:43,ICV
156,2016-11-07,09:29:55,42.85,13.14,CENTRAL ITALY,8,ML,2.5,543604,9,29,55.0,2016-11-07 09:29:55,ICV
157,2016-11-07,07:05:57,42.87,13.19,CENTRAL ITALY,8,ML,3.2,543577,7,5,57.0,2016-11-07 07:05:57,ICV
158,2016-11-07,06:46:34,42.81,13.13,CENTRAL ITALY,9,ML,2.7,543573,6,46,34.0,2016-11-07 06:46:34,ICV
159,2016-11-07,05:22:03,42.8,13.11,CENTRAL ITALY,10,ML,2.7,543553,5,22,3.0,2016-11-07 05:22:03,ICV
160,2016-11-07,04:52:56,42.71,13.14,CENTRAL ITALY,11,ML,2.7,543551,4,52,56.0,2016-11-07 04:52:56,ICV
161,2016-11-07,03:13:05,42.94,13.21,CENTRAL ITALY,8,ML,3.1,543522,3,13,5.0,2016-11-07 03:13:05,ICV
162,2016-11-07,02:29:50,42.9,13.19,CENTRAL ITALY,8,ML,2.9,543518,2,29,50.0,2016-11-07 02:29:50,ICV
163,2016-11-07,01:18:05,42.8,13.18,CENTRAL ITALY,10,ML,2.9,543497,1,18,5.0,2016-11-07 01:18:05,ICV
164,2016-11-07,00:18:05,42.89,13.21,CENTRAL ITALY,6,ML,3.1,543492,0,18,5.0,2016-11-07 00:18:05,ICV
165,2016-11-06,23:23:03,42.84,13.12,CENTRAL ITALY,13,ML,2.7,543488,23,23,3.0,2016-11-06 23:23:03,ICV
166,2016-11-06,22:00:19,42.83,13.08,CENTRAL ITALY,12,ML,2.5,543477,22,0,19.0,2016-11-06 22:00:19,ICV
167,2016-11-06,20:53:39,42.92,13.14,CENTRAL ITALY,10,ML,2.6,543447,20,53,39.0,2016-11-06 20:53:39,ICV
168,2016-11-06,19:31:04,42.94,13.21,CENTRAL ITALY,8,ML,2.8,543424,19,31,4.0,2016-11-06 19:31:04,ICV
169,2016-11-06,18:15:19,42.81,13.18,CENTRAL ITALY,11,ML,3.6,543416,18,15,19.0,2016-11-06 18:15:19,ICV
170,2016-11-06,16:03:20,42.78,13.3,CENTRAL ITALY,16,ML,2.7,543397,16,3,20.0,2016-11-06 16:03:20,ICV
171,2016-11-06,15:45:27,42.74,13.14,CENTRAL ITALY,12,ML,2.7,543395,15,45,27.0,2016-11-06 15:45:27,ICV
172,2016-11-06,14:49:52,43.02,13.04,CENTRAL ITALY,8,ML,3.1,543373,14,49,52.0,2016-11-06 14:49:52,ICV
173,2016-11-06,13:24:17,42.95,13.21,CENTRAL ITALY,9,ML,2.6,543362,13,24,17.0,2016-11-06 13:24:17,ICV
174,2016-11-06,12:13:24,42.81,13.13,CENTRAL ITALY,11,ML,2.8,543343,12,13,24.0,2016-11-06 12:13:24,ICV
175,2016-11-06,10:24:41,42.96,13.03,CENTRAL ITALY,9,ML,3.2,543327,10,24,41.0,2016-11-06 10:24:41,ICV
176,2016-11-06,09:28:41,42.8,13.18,CENTRAL ITALY,10,ML,2.7,543322,9,28,41.0,2016-11-06 09:28:41,ICV
177,2016-11-06,08:27:24,42.86,13.23,CENTRAL ITALY,9,ML,3.1,543312,8,27,24.0,2016-11-06 08:27:24,ICV
178,2016-11-06,05:02:56,43.01,13.08,CENTRAL ITALY,9,ML,2.5,543291,5,2,56.0,2016-11-06 05:02:56,ICV
179,2016-11-06,04:44:25,42.78,13.2,CENTRAL ITALY,10,ML,3.4,543266,4,44,25.0,2016-11-06 04:44:25,ICV
180,2016-11-06,03:19:31,43.06,13.06,CENTRAL ITALY,10,ML,3.8,543251,3,19,31.0,2016-11-06 03:19:31,ICV
181,2016-11-06,01:31:26,42.76,13.2,CENTRAL ITALY,10,ML,3.0,543236,1,31,26.0,2016-11-06 01:31:26,ICV
182,2016-11-05,23:44:23,46.5,20.55,HUNGARY,12,M,2.4,543313,23,44,23.0,2016-11-05 23:44:23,ICV
183,2016-11-05,23:44:23,46.5,20.55,HUNGARY,12,M,2.4,543313,23,44,23.0,2016-11-05 23:44:23,JXN
184,2016-11-05,23:44:23,46.5,20.55,HUNGARY,12,M,2.4,543313,23,44,23.0,2016-11-05 23:44:23,DHO
185,2016-11-05,23:44:23,46.5,20.55,HUNGARY,12,M,2.4,543313,23,44,23.0,2016-11-05 23:44:23,GVT
186,2016-11-05,22:32:05,42.95,13.2,CENTRAL ITALY,9,ML,3.2,543215,22,32,5.0,2016-11-05 22:32:05,ICV
187,2016-11-05,21:29:11,42.73,13.19,CENTRAL ITALY,8,ML,3.4,543210,21,29,11.0,2016-11-05 21:29:11,ICV
188,2016-11-05,20:14:54,42.89,13.21,CENTRAL ITALY,7,ML,2.7,543198,20,14,54.0,2016-11-05 20:14:54,ICV
189,2016-11-05,19:11:58,42.96,13.2,CENTRAL ITALY,9,ML,3.5,543188,19,11,58.0,2016-11-05 19:11:58,ICV
190,2016-11-05,17:52:52,42.75,13.19,CENTRAL ITALY,9,ML,3.4,543179,17,52,52.0,2016-11-05 17:52:52,ICV
191,2016-11-05,16:16:28,42.88,13.21,CENTRAL ITALY,9,ML,2.8,543146,16,16,28.0,2016-11-05 16:16:28,ICV
192,2016-11-05,14:45:20,42.98,13.13,CENTRAL ITALY,9,ML,3.4,543137,14,45,20.0,2016-11-05 14:45:20,ICV
193,2016-11-05,13:43:30,42.69,13.15,CENTRAL ITALY,11,ML,2.6,543122,13,43,30.0,2016-11-05 13:43:30,ICV
194,2016-11-05,11:05:46,42.93,13.18,CENTRAL ITALY,2,ML,3.8,543101,11,5,46.0,2016-11-05 11:05:46,ICV
195,2016-11-05,09:45:43,42.91,13.19,CENTRAL ITALY,9,ML,3.1,543093,9,45,43.0,2016-11-05 09:45:43,ICV
196,2016-11-05,08:25:30,42.68,13.18,CENTRAL ITALY,13,ML,3.1,543076,8,25,30.0,2016-11-05 08:25:30,ICV
197,2016-11-05,07:16:57,42.93,13.13,CENTRAL ITALY,10,ML,2.6,543069,7,16,57.0,2016-11-05 07:16:57,ICV
198,2016-11-05,06:46:33,43.06,13.07,CENTRAL ITALY,9,ML,3.0,543067,6,46,33.0,2016-11-05 06:46:33,ICV
199,2016-11-05,05:42:49,42.95,13.06,CENTRAL ITALY,12,ML,3.0,543059,5,42,49.0,2016-11-05 05:42:49,ICV
200,2016-11-05,03:20:56,42.81,13.14,CENTRAL ITALY,10,ML,3.1,543025,3,20,56.0,2016-11-05 03:20:56,ICV
201,2016-11-05,02:09:25,42.88,13.13,CENTRAL ITALY,9,ML,3.0,543019,2,9,25.0,2016-11-05 02:09:25,ICV
202,2016-11-05,00:42:06,42.83,13.23,CENTRAL ITALY,13,ML,3.1,543011,0,42,6.0,2016-11-05 00:42:06,ICV
203,2016-11-04,23:45:21,42.79,13.13,CENTRAL ITALY,10,ML,3.4,542999,23,45,21.0,2016-11-04 23:45:21,ICV
204,2016-11-04,22:09:10,42.9,13.18,CENTRAL ITALY,8,ML,2.7,542974,22,9,10.0,2016-11-04 22:09:10,ICV
205,2016-11-04,21:12:43,42.78,13.2,CENTRAL ITALY,9,ML,2.9,542966,21,12,43.0,2016-11-04 21:12:43,ICV
206,2016-11-04,20:58:36,42.91,13.21,CENTRAL ITALY,9,ML,2.7,542964,20,58,36.0,2016-11-04 20:58:36,ICV
207,2016-11-04,19:02:50,42.9,13.17,CENTRAL ITALY,15,ML,2.5,542952,19,2,50.0,2016-11-04 19:02:50,ICV
208,2016-11-04,17:42:00,42.98,13.06,CENTRAL ITALY,11,ML,2.6,542946,17,42,0.0,2016-11-04 17:42:00,ICV
209,2016-11-04,15:15:26,42.99,13.13,CENTRAL ITALY,9,ML,3.1,542913,15,15,26.0,2016-11-04 15:15:26,ICV
210,2016-11-04,14:31:31,42.98,13.13,CENTRAL ITALY,8,ML,3.2,542908,14,31,31.0,2016-11-04 14:31:31,ICV
211,2016-11-04,13:57:52,42.95,13.21,CENTRAL ITALY,7,ML,2.9,542903,13,57,52.0,2016-11-04 13:57:52,ICV
212,2016-11-04,12:30:10,42.75,13.18,CENTRAL ITALY,11,ML,2.5,542885,12,30,10.0,2016-11-04 12:30:10,ICV
213,2016-11-04,11:41:54,42.6,13.23,CENTRAL ITALY,14,ML,2.5,542877,11,41,54.0,2016-11-04 11:41:54,ICV
214,2016-11-04,10:48:33,42.87,13.13,CENTRAL ITALY,8,ML,3.4,542864,10,48,33.0,2016-11-04 10:48:33,ICV
215,2016-11-04,10:10:33,50.8,6.61,GERMANY,15,ML,2.8,542857,10,10,33.0,2016-11-04 10:10:33,DHO
216,2016-11-04,10:10:33,50.8,6.61,GERMANY,15,ML,2.8,542857,10,10,33.0,2016-11-04 10:10:33,GVT
217,2016-11-04,09:58:28,43.01,13.07,CENTRAL ITALY,10,ML,3.0,542855,9,58,28.0,2016-11-04 09:58:28,ICV
218,2016-11-04,08:49:29,43.13,13.78,CENTRAL ITALY,31,ML,2.6,542847,8,49,29.0,2016-11-04 08:49:29,ICV
219,2016-11-04,07:32:50,42.81,13.12,CENTRAL ITALY,10,ML,2.5,542834,7,32,50.0,2016-11-04 07:32:50,ICV
220,2016-11-04,06:13:11,42.79,13.14,CENTRAL ITALY,9,ML,3.0,542831,6,13,11.0,2016-11-04 06:13:11,ICV
221,2016-11-04,05:19:17,42.87,13.1,CENTRAL ITALY,11,ML,2.7,542821,5,19,17.0,2016-11-04 05:19:17,ICV
222,2016-11-04,04:29:54,42.9,13.16,CENTRAL ITALY,9,ML,3.0,542774,4,29,54.0,2016-11-04 04:29:54,ICV
223,2016-11-04,03:47:54,42.8,13.09,CENTRAL ITALY,10,ML,2.9,542770,3,47,54.0,2016-11-04 03:47:54,ICV
224,2016-11-04,02:08:43,42.68,13.21,CENTRAL ITALY,13,ML,3.1,542756,2,8,43.0,2016-11-04 02:08:43,ICV
225,2016-11-04,01:33:00,42.91,13.22,CENTRAL ITALY,9,ML,3.0,542748,1,33,0.0,2016-11-04 01:33:00,ICV
226,2016-11-04,00:17:32,42.87,13.07,CENTRAL ITALY,10,ML,3.2,542742,0,17,32.0,2016-11-04 00:17:32,ICV
227,2016-11-03,23:24:35,42.87,13.1,CENTRAL ITALY,10,ML,3.4,542733,23,24,35.0,2016-11-03 23:24:35,ICV
228,2016-11-03,22:53:36,42.8,13.14,CENTRAL ITALY,10,ML,3.0,542730,22,53,36.0,2016-11-03 22:53:36,ICV
229,2016-11-03,21:10:24,42.76,13.05,CENTRAL ITALY,11,ML,3.4,542720,21,10,24.0,2016-11-03 21:10:24,ICV
230,2016-11-03,20:32:39,42.81,13.24,CENTRAL ITALY,20,ML,3.7,542710,20,32,39.0,2016-11-03 20:32:39,ICV
231,2016-11-03,19:16:39,43.02,13.05,CENTRAL ITALY,10,ML,3.1,542702,19,16,39.0,2016-11-03 19:16:39,ICV
232,2016-11-03,18:39:35,42.8,13.13,CENTRAL ITALY,11,ML,2.9,542691,18,39,35.0,2016-11-03 18:39:35,ICV
233,2016-11-03,17:26:34,43.03,13.06,CENTRAL ITALY,9,ML,3.2,542679,17,26,34.0,2016-11-03 17:26:34,ICV
234,2016-11-03,16:22:51,42.69,13.17,CENTRAL ITALY,11,ML,2.7,542667,16,22,51.0,2016-11-03 16:22:51,ICV
235,2016-11-03,15:04:03,44.82,17.3,BOSNIA AND HERZEGOVINA,2,ML,3.9,542656,15,4,3.0,2016-11-03 15:04:03,ICV
236,2016-11-03,15:04:03,44.82,17.3,BOSNIA AND HERZEGOVINA,2,ML,3.9,542656,15,4,3.0,2016-11-03 15:04:03,JXN
237,2016-11-03,15:04:03,44.82,17.3,BOSNIA AND HERZEGOVINA,2,ML,3.9,542656,15,4,3.0,2016-11-03 15:04:03,DHO
238,2016-11-03,15:04:03,44.82,17.3,BOSNIA AND HERZEGOVINA,2,ML,3.9,542656,15,4,3.0,2016-11-03 15:04:03,GVT
239,2016-11-03,14:41:29,42.99,13.08,CENTRAL ITALY,9,ML,3.5,542661,14,41,29.0,2016-11-03 14:41:29,ICV
240,2016-11-03,13:10:45,42.69,13.18,CENTRAL ITALY,14,ML,3.9,542641,13,10,45.0,2016-11-03 13:10:45,ICV
241,2016-11-03,12:22:20,42.92,13.2,CENTRAL ITALY,9,ML,3.4,542630,12,22,20.0,2016-11-03 12:22:20,ICV
242,2016-11-03,11:59:17,42.91,13.22,CENTRAL ITALY,9,ML,3.4,542628,11,59,17.0,2016-11-03 11:59:17,ICV
243,2016-11-03,10:14:13,42.78,13.21,CENTRAL ITALY,10,ML,3.3,542607,10,14,13.0,2016-11-03 10:14:13,ICV
244,2016-11-03,09:36:04,42.75,13.19,CENTRAL ITALY,10,ML,2.9,542603,9,36,4.0,2016-11-03 09:36:04,ICV
245,2016-11-03,08:29:57,42.78,13.15,CENTRAL ITALY,10,ML,2.7,542592,8,29,57.0,2016-11-03 08:29:57,ICV
246,2016-11-03,07:39:07,42.83,13.12,CENTRAL ITALY,10,ML,3.5,542581,7,39,7.0,2016-11-03 07:39:07,ICV
247,2016-11-03,06:24:26,42.89,13.21,CENTRAL ITALY,9,ML,2.8,542568,6,24,26.0,2016-11-03 06:24:26,ICV
248,2016-11-03,05:54:13,42.89,13.2,CENTRAL ITALY,8,ML,2.6,542563,5,54,13.0,2016-11-03 05:54:13,ICV
249,2016-11-03,04:26:17,43.44,11.9,CENTRAL ITALY,20,ML,2.9,542525,4,26,17.0,2016-11-03 04:26:17,ICV
250,2016-11-03,03:00:46,42.72,13.25,CENTRAL ITALY,12,ML,2.7,542502,3,0,46.0,2016-11-03 03:00:46,ICV
251,2016-11-03,02:26:55,43.04,13.09,CENTRAL ITALY,9,ML,2.8,542491,2,26,55.0,2016-11-03 02:26:55,ICV
252,2016-11-03,01:46:29,43.02,13.06,CENTRAL ITALY,10,ML,3.2,542483,1,46,29.0,2016-11-03 01:46:29,ICV
253,2016-11-03,00:59:16,51.54,16.29,POLAND,1,ML,3.0,542608,0,59,16.0,2016-11-03 00:59:16,JXN
254,2016-11-03,00:35:01,43.03,13.05,CENTRAL ITALY,8,MW,4.8,542463,0,35,1.0,2016-11-03 00:35:01,ICV
255,2016-11-02,23:12:26,42.7,13.23,CENTRAL ITALY,10,ML,2.7,542451,23,12,26.0,2016-11-02 23:12:26,ICV
256,2016-11-02,22:57:03,42.71,13.23,CENTRAL ITALY,10,ML,3.2,542448,22,57,3.0,2016-11-02 22:57:03,ICV
257,2016-11-02,21:57:34,42.86,13.16,CENTRAL ITALY,2,ML,3.4,542441,21,57,34.0,2016-11-02 21:57:34,ICV
258,2016-11-02,20:36:11,42.9,13.2,CENTRAL ITALY,10,ML,3.0,542422,20,36,11.0,2016-11-02 20:36:11,ICV
259,2016-11-02,19:37:52,42.89,13.11,CENTRAL ITALY,10,ML,4.0,542411,19,37,52.0,2016-11-02 19:37:52,ICV
260,2016-11-02,18:41:20,43.0,13.1,CENTRAL ITALY,9,ML,2.8,542397,18,41,20.0,2016-11-02 18:41:20,ICV
261,2016-11-02,17:08:30,43.47,14.1,ADRIATIC SEA,14,ML,3.5,542382,17,8,30.0,2016-11-02 17:08:30,ICV
262,2016-11-02,16:56:51,42.89,13.15,CENTRAL ITALY,9,ML,2.9,542381,16,56,51.0,2016-11-02 16:56:51,ICV
263,2016-11-02,15:53:02,43.03,13.05,CENTRAL ITALY,10,ML,3.4,542373,15,53,2.0,2016-11-02 15:53:02,ICV
264,2016-11-02,14:25:59,42.88,13.15,CENTRAL ITALY,11,ML,3.2,542343,14,25,59.0,2016-11-02 14:25:59,ICV
265,2016-11-02,13:44:37,42.79,13.15,CENTRAL ITALY,9,ML,2.7,542341,13,44,37.0,2016-11-02 13:44:37,ICV
266,2016-11-02,12:05:14,43.04,13.12,CENTRAL ITALY,8,ML,3.1,542322,12,5,14.0,2016-11-02 12:05:14,ICV
267,2016-11-02,11:13:52,42.78,13.2,CENTRAL ITALY,9,ML,3.3,542290,11,13,52.0,2016-11-02 11:13:52,ICV
268,2016-11-02,10:32:07,42.94,13.15,CENTRAL ITALY,10,ML,2.8,542280,10,32,7.0,2016-11-02 10:32:07,ICV
269,2016-11-02,09:27:43,43.0,13.15,CENTRAL ITALY,6,ML,3.1,542273,9,27,43.0,2016-11-02 09:27:43,ICV
270,2016-11-02,08:52:10,42.74,13.12,CENTRAL ITALY,12,ML,2.8,542268,8,52,10.0,2016-11-02 08:52:10,ICV
271,2016-11-02,07:37:22,42.71,13.19,CENTRAL ITALY,10,ML,3.3,542253,7,37,22.0,2016-11-02 07:37:22,ICV
272,2016-11-02,06:41:13,42.8,13.17,CENTRAL ITALY,10,ML,3.5,542237,6,41,13.0,2016-11-02 06:41:13,ICV
273,2016-11-02,05:30:58,42.91,13.13,CENTRAL ITALY,10,ML,3.2,542220,5,30,58.0,2016-11-02 05:30:58,ICV
274,2016-11-02,04:44:21,42.61,13.23,CENTRAL ITALY,14,ML,2.6,542205,4,44,21.0,2016-11-02 04:44:21,ICV
275,2016-11-02,03:32:15,43.08,13.07,CENTRAL ITALY,9,ML,2.8,542186,3,32,15.0,2016-11-02 03:32:15,ICV
276,2016-11-02,02:19:43,42.91,13.2,CENTRAL ITALY,9,ML,2.9,542181,2,19,43.0,2016-11-02 02:19:43,ICV
277,2016-11-02,01:39:53,43.03,13.08,CENTRAL ITALY,9,ML,2.8,542175,1,39,53.0,2016-11-02 01:39:53,ICV
278,2016-11-01,23:01:07,42.91,13.18,CENTRAL ITALY,13,ML,2.8,542158,23,1,7.0,2016-11-01 23:01:07,ICV
279,2016-11-01,22:37:16,42.72,13.19,CENTRAL ITALY,10,ML,2.9,542153,22,37,16.0,2016-11-01 22:37:16,ICV
280,2016-11-01,21:04:43,42.93,13.11,CENTRAL ITALY,10,ML,2.5,542148,21,4,43.0,2016-11-01 21:04:43,ICV
281,2016-11-01,20:46:26,43.01,13.14,CENTRAL ITALY,10,ML,3.1,542146,20,46,26.0,2016-11-01 20:46:26,ICV
282,2016-11-01,19:03:20,42.8,13.03,CENTRAL ITALY,10,ML,3.9,542131,19,3,20.0,2016-11-01 19:03:20,ICV
283,2016-11-01,18:02:54,42.8,13.14,CENTRAL ITALY,2,ML,3.8,542119,18,2,54.0,2016-11-01 18:02:54,ICV
284,2016-11-01,17:59:13,42.8,13.13,CENTRAL ITALY,2,ML,3.8,542111,17,59,13.0,2016-11-01 17:59:13,ICV
285,2016-11-01,16:00:59,42.79,13.11,CENTRAL ITALY,12,ML,3.4,542084,16,0,59.0,2016-11-01 16:00:59,ICV
286,2016-11-01,15:13:43,42.9,13.17,CENTRAL ITALY,9,ML,3.7,542074,15,13,43.0,2016-11-01 15:13:43,ICV
287,2016-11-01,14:54:19,42.99,13.13,CENTRAL ITALY,9,ML,2.9,542066,14,54,19.0,2016-11-01 14:54:19,ICV
288,2016-11-01,13:33:01,42.9,13.04,CENTRAL ITALY,10,ML,2.9,542039,13,33,1.0,2016-11-01 13:33:01,ICV
289,2016-11-01,12:54:30,42.71,13.21,CENTRAL ITALY,9,ML,2.7,542034,12,54,30.0,2016-11-01 12:54:30,ICV
290,2016-11-01,11:41:51,42.69,13.15,CENTRAL ITALY,13,ML,3.2,542019,11,41,51.0,2016-11-01 11:41:51,ICV
291,2016-11-01,10:47:34,43.59,11.0,CENTRAL ITALY,2,ML,3.1,541999,10,47,34.0,2016-11-01 10:47:34,ICV
292,2016-11-01,09:51:44,42.79,13.11,CENTRAL ITALY,10,ML,2.6,541985,9,51,44.0,2016-11-01 09:51:44,ICV
293,2016-11-01,08:07:24,42.99,13.15,CENTRAL ITALY,10,ML,3.5,541969,8,7,24.0,2016-11-01 08:07:24,ICV
294,2016-11-01,07:56:39,43.0,13.16,CENTRAL ITALY,10,MW,4.9,541962,7,56,39.0,2016-11-01 07:56:39,ICV
295,2016-11-01,06:36:05,43.01,13.14,CENTRAL ITALY,9,ML,3.6,541954,6,36,5.0,2016-11-01 06:36:05,ICV
296,2016-11-01,05:54:15,42.76,13.16,CENTRAL ITALY,12,ML,2.7,541935,5,54,15.0,2016-11-01 05:54:15,ICV
297,2016-11-01,04:09:15,42.6,13.34,CENTRAL ITALY,10,ML,3.1,541832,4,9,15.0,2016-11-01 04:09:15,ICV
298,2016-11-01,03:19:05,42.91,13.31,CENTRAL ITALY,25,ML,3.8,541822,3,19,5.0,2016-11-01 03:19:05,ICV
299,2016-11-01,02:44:09,42.77,13.03,CENTRAL ITALY,10,ML,3.2,541812,2,44,9.0,2016-11-01 02:44:09,ICV
300,2016-11-01,01:16:46,42.93,13.06,CENTRAL ITALY,9,ML,2.8,541797,1,16,46.0,2016-11-01 01:16:46,ICV
301,2016-11-01,00:36:36,42.85,13.08,CENTRAL ITALY,9,ML,3.2,541789,0,36,36.0,2016-11-01 00:36:36,ICV
302,2016-10-31,23:55:53,42.95,13.2,CENTRAL ITALY,7,ML,3.2,541784,23,55,53.0,2016-10-31 23:55:53,ICV
303,2016-10-31,22:24:53,42.81,13.05,CENTRAL ITALY,11,ML,3.4,541760,22,24,53.0,2016-10-31 22:24:53,ICV
304,2016-10-31,21:09:09,42.89,13.18,CENTRAL ITALY,14,ML,3.0,541747,21,9,9.0,2016-10-31 21:09:09,ICV
305,2016-10-31,20:24:16,42.94,13.21,CENTRAL ITALY,8,ML,3.2,541737,20,24,16.0,2016-10-31 20:24:16,ICV
306,2016-10-31,19:28:54,42.82,13.15,CENTRAL ITALY,11,ML,2.9,541727,19,28,54.0,2016-10-31 19:28:54,ICV
307,2016-10-31,18:56:46,43.04,13.1,CENTRAL ITALY,7,ML,3.0,541724,18,56,46.0,2016-10-31 18:56:46,ICV
308,2016-10-31,17:14:44,42.77,13.05,CENTRAL ITALY,10,ML,3.2,541707,17,14,44.0,2016-10-31 17:14:44,ICV
309,2016-10-31,16:43:06,42.85,13.16,CENTRAL ITALY,10,ML,3.1,541696,16,43,6.0,2016-10-31 16:43:06,ICV
310,2016-10-31,15:55:27,42.9,13.14,CENTRAL ITALY,8,ML,3.4,541689,15,55,27.0,2016-10-31 15:55:27,ICV
311,2016-10-31,14:52:20,42.87,13.06,CENTRAL ITALY,10,ML,3.1,541672,14,52,20.0,2016-10-31 14:52:20,ICV
312,2016-10-31,13:50:36,43.03,13.12,CENTRAL ITALY,6,ML,2.9,541644,13,50,36.0,2016-10-31 13:50:36,ICV
313,2016-10-31,12:15:15,42.92,13.22,CENTRAL ITALY,9,ML,3.2,541624,12,15,15.0,2016-10-31 12:15:15,ICV
314,2016-10-31,11:02:58,42.76,13.02,CENTRAL ITALY,10,ML,3.2,541595,11,2,58.0,2016-10-31 11:02:58,ICV
315,2016-10-31,10:31:56,42.8,13.12,CENTRAL ITALY,10,ML,2.8,541586,10,31,56.0,2016-10-31 10:31:56,ICV
316,2016-10-31,09:38:13,43.26,17.88,BOSNIA AND HERZEGOVINA,8,ML,4.2,541564,9,38,13.0,2016-10-31 09:38:13,ICV
317,2016-10-31,08:37:35,43.02,13.08,CENTRAL ITALY,2,ML,3.5,541537,8,37,35.0,2016-10-31 08:37:35,ICV
318,2016-10-31,07:05:45,42.83,13.17,CENTRAL ITALY,20,MW,4.2,541498,7,5,45.0,2016-10-31 07:05:45,ICV
319,2016-10-31,06:17:19,42.77,13.21,CENTRAL ITALY,10,MW,3.9,541485,6,17,19.0,2016-10-31 06:17:19,ICV
320,2016-10-31,05:18:05,42.77,13.21,CENTRAL ITALY,10,ML,3.1,541472,5,18,5.0,2016-10-31 05:18:05,ICV
321,2016-10-31,04:22:18,42.84,13.06,CENTRAL ITALY,11,ML,3.4,541447,4,22,18.0,2016-10-31 04:22:18,ICV
322,2016-10-31,03:27:40,42.77,13.09,CENTRAL ITALY,11,MB,4.3,541428,3,27,40.0,2016-10-31 03:27:40,ICV
323,2016-10-31,02:49:41,43.07,13.07,CENTRAL ITALY,9,ML,3.5,541410,2,49,41.0,2016-10-31 02:49:41,ICV
324,2016-10-31,01:48:21,42.9,13.15,CENTRAL ITALY,9,ML,3.7,541385,1,48,21.0,2016-10-31 01:48:21,ICV
325,2016-10-31,00:30:30,42.75,13.13,CENTRAL ITALY,10,ML,3.4,541356,0,30,30.0,2016-10-31 00:30:30,ICV
326,2016-10-30,23:56:24,42.73,12.99,CENTRAL ITALY,2,ML,3.6,541340,23,56,24.0,2016-10-30 23:56:24,ICV
327,2016-10-30,22:19:43,42.91,13.16,CENTRAL ITALY,8,ML,3.5,541304,22,19,43.0,2016-10-30 22:19:43,ICV
328,2016-10-30,21:57:10,42.78,13.07,CENTRAL ITALY,10,ML,3.1,541297,21,57,10.0,2016-10-30 21:57:10,ICV
329,2016-10-30,20:52:16,42.94,13.14,CENTRAL ITALY,11,ML,3.4,541273,20,52,16.0,2016-10-30 20:52:16,ICV
330,2016-10-30,19:43:36,43.01,13.07,CENTRAL ITALY,9,ML,3.4,541243,19,43,36.0,2016-10-30 19:43:36,ICV
331,2016-10-30,18:21:09,42.79,13.15,CENTRAL ITALY,10,ML,4.2,541212,18,21,9.0,2016-10-30 18:21:09,ICV
332,2016-10-30,17:49:13,42.91,13.14,CENTRAL ITALY,10,ML,3.6,541198,17,49,13.0,2016-10-30 17:49:13,ICV
333,2016-10-30,16:07:21,43.06,13.07,CENTRAL ITALY,9,ML,3.5,541162,16,7,21.0,2016-10-30 16:07:21,ICV
334,2016-10-30,15:18:07,42.84,13.04,CENTRAL ITALY,11,ML,3.2,541141,15,18,7.0,2016-10-30 15:18:07,ICV
335,2016-10-30,14:30:12,45.83,20.63,SERBIA,12,M,2.5,541125,14,30,12.0,2016-10-30 14:30:12,JXN
336,2016-10-30,14:30:12,45.83,20.63,SERBIA,12,M,2.5,541125,14,30,12.0,2016-10-30 14:30:12,DHO
337,2016-10-30,14:30:12,45.83,20.63,SERBIA,12,M,2.5,541125,14,30,12.0,2016-10-30 14:30:12,GVT
338,2016-10-30,14:14:19,42.91,13.2,CENTRAL ITALY,8,ML,3.9,541099,14,14,19.0,2016-10-30 14:14:19,ICV
339,2016-10-30,13:34:54,42.8,13.17,CENTRAL ITALY,9,ML,4.6,541060,13,34,54.0,2016-10-30 13:34:54,ICV
340,2016-10-30,12:07:00,42.84,13.08,CENTRAL ITALY,10,ML,4.6,540997,12,7,0.0,2016-10-30 12:07:00,ICV
341,2016-10-30,11:21:09,43.06,13.08,CENTRAL ITALY,2,ML,4.1,540971,11,21,9.0,2016-10-30 11:21:09,ICV
342,2016-10-30,10:19:26,42.82,13.14,CENTRAL ITALY,11,ML,4.1,540912,10,19,26.0,2016-10-30 10:19:26,ICV
343,2016-10-30,09:51:03,42.84,13.12,CENTRAL ITALY,8,ML,3.6,540899,9,51,3.0,2016-10-30 09:51:03,ICV
344,2016-10-30,08:35:58,42.83,13.08,CENTRAL ITALY,10,MB,4.6,540853,8,35,58.0,2016-10-30 08:35:58,ICV
345,2016-10-30,07:13:06,42.73,13.16,CENTRAL ITALY,10,MB,4.5,540809,7,13,6.0,2016-10-30 07:13:06,ICV
346,2016-10-30,06:40:18,42.84,13.11,CENTRAL ITALY,10,MW,6.5,540796,6,40,18.0,2016-10-30 06:40:18,ICV
347,2016-10-30,05:02:48,42.85,13.23,CENTRAL ITALY,8,ML,2.5,540784,5,2,48.0,2016-10-30 05:02:48,ICV
348,2016-10-30,04:52:25,43.03,13.14,CENTRAL ITALY,7,ML,2.6,540783,4,52,25.0,2016-10-30 04:52:25,ICV
349,2016-10-30,02:57:25,42.97,13.09,CENTRAL ITALY,10,ML,2.9,540763,2,57,25.0,2016-10-30 02:57:25,ICV
350,2016-10-29,23:01:34,43.07,13.07,CENTRAL ITALY,9,ML,3.4,540743,23,1,34.0,2016-10-29 23:01:34,ICV
351,2016-10-29,22:08:08,42.83,13.1,CENTRAL ITALY,10,ML,3.3,540737,22,8,8.0,2016-10-29 22:08:08,ICV
352,2016-10-29,21:34:24,42.86,13.16,CENTRAL ITALY,9,ML,2.8,540730,21,34,24.0,2016-10-29 21:34:24,ICV
353,2016-10-29,18:50:10,42.5,19.15,MONTENEGRO,15,ML,2.5,540703,18,50,10.0,2016-10-29 18:50:10,ICV
354,2016-10-29,17:14:26,42.96,13.08,CENTRAL ITALY,9,ML,3.2,540687,17,14,26.0,2016-10-29 17:14:26,ICV
355,2016-10-29,16:24:33,42.81,13.1,CENTRAL ITALY,11,MB,4.4,540677,16,24,33.0,2016-10-29 16:24:33,ICV
356,2016-10-29,15:16:19,42.88,13.19,CENTRAL ITALY,10,ML,3.3,540665,15,16,19.0,2016-10-29 15:16:19,ICV
357,2016-10-29,14:28:51,43.02,13.1,CENTRAL ITALY,9,ML,3.1,540658,14,28,51.0,2016-10-29 14:28:51,ICV
358,2016-10-29,13:46:14,42.96,13.14,CENTRAL ITALY,8,ML,2.9,540653,13,46,14.0,2016-10-29 13:46:14,ICV
359,2016-10-29,11:48:17,43.02,13.11,CENTRAL ITALY,10,ML,2.9,540602,11,48,17.0,2016-10-29 11:48:17,ICV
360,2016-10-29,10:16:25,42.85,13.15,CENTRAL ITALY,9,ML,3.7,540580,10,16,25.0,2016-10-29 10:16:25,ICV
361,2016-10-29,09:30:54,42.86,13.05,CENTRAL ITALY,10,ML,3.1,540569,9,30,54.0,2016-10-29 09:30:54,ICV
362,2016-10-29,08:48:54,42.99,13.05,CENTRAL ITALY,9,ML,3.5,540563,8,48,54.0,2016-10-29 08:48:54,ICV
363,2016-10-29,07:59:10,42.87,13.17,CENTRAL ITALY,8,ML,2.6,540554,7,59,10.0,2016-10-29 07:59:10,ICV
364,2016-10-29,04:23:07,42.9,13.16,CENTRAL ITALY,9,ML,2.6,540528,4,23,7.0,2016-10-29 04:23:07,ICV
365,2016-10-29,02:41:29,42.86,13.04,CENTRAL ITALY,10,ML,2.8,540515,2,41,29.0,2016-10-29 02:41:29,ICV
366,2016-10-29,01:31:55,42.87,13.16,CENTRAL ITALY,7,ML,2.6,540501,1,31,55.0,2016-10-29 01:31:55,ICV
367,2016-10-29,00:36:57,43.02,13.12,CENTRAL ITALY,7,ML,2.6,540489,0,36,57.0,2016-10-29 00:36:57,ICV
368,2016-10-28,23:18:10,42.88,13.09,CENTRAL ITALY,9,ML,3.4,540460,23,18,10.0,2016-10-28 23:18:10,ICV
369,2016-10-28,22:00:16,42.81,13.14,CENTRAL ITALY,9,ML,3.0,540450,22,0,16.0,2016-10-28 22:00:16,ICV
370,2016-10-28,21:48:56,42.87,13.16,CENTRAL ITALY,9,ML,2.6,540447,21,48,56.0,2016-10-28 21:48:56,ICV
371,2016-10-28,20:09:21,42.88,13.03,CENTRAL ITALY,11,ML,2.8,540436,20,9,21.0,2016-10-28 20:09:21,ICV
372,2016-10-28,19:56:31,42.87,13.16,CENTRAL ITALY,10,ML,3.7,540426,19,56,31.0,2016-10-28 19:56:31,ICV
373,2016-10-28,18:07:26,43.01,13.14,CENTRAL ITALY,8,ML,2.5,540411,18,7,26.0,2016-10-28 18:07:26,ICV
374,2016-10-28,17:42:04,42.95,13.14,CENTRAL ITALY,10,ML,2.5,540405,17,42,4.0,2016-10-28 17:42:04,ICV
375,2016-10-28,16:06:10,42.78,13.12,CENTRAL ITALY,11,ML,2.6,540394,16,6,10.0,2016-10-28 16:06:10,ICV
376,2016-10-28,15:56:58,42.87,13.21,CENTRAL ITALY,9,ML,3.8,540390,15,56,58.0,2016-10-28 15:56:58,ICV
377,2016-10-28,14:07:18,42.99,13.05,CENTRAL ITALY,10,ML,2.8,540353,14,7,18.0,2016-10-28 14:07:18,ICV
378,2016-10-28,13:56:32,42.86,13.21,CENTRAL ITALY,5,ML,3.8,540348,13,56,32.0,2016-10-28 13:56:32,ICV
379,2016-10-28,12:26:07,43.07,13.07,CENTRAL ITALY,7,ML,2.6,540333,12,26,7.0,2016-10-28 12:26:07,ICV
380,2016-10-28,11:04:08,42.95,13.07,CENTRAL ITALY,10,ML,2.8,540319,11,4,8.0,2016-10-28 11:04:08,ICV
381,2016-10-28,10:11:03,43.04,13.13,CENTRAL ITALY,9,ML,3.1,540313,10,11,3.0,2016-10-28 10:11:03,ICV
382,2016-10-28,09:12:13,42.92,13.11,CENTRAL ITALY,8,ML,3.4,540300,9,12,13.0,2016-10-28 09:12:13,ICV
383,2016-10-28,08:10:52,42.96,13.14,CENTRAL ITALY,8,ML,3.3,540277,8,10,52.0,2016-10-28 08:10:52,ICV
384,2016-10-28,07:13:46,42.98,13.06,CENTRAL ITALY,10,ML,2.6,540264,7,13,46.0,2016-10-28 07:13:46,ICV
385,2016-10-28,06:39:45,41.58,9.85,"CORSICA, FRANCE",5,ML,3.0,540255,6,39,45.0,2016-10-28 06:39:45,ICV
386,2016-10-28,05:34:51,42.89,13.18,CENTRAL ITALY,8,ML,3.2,540245,5,34,51.0,2016-10-28 05:34:51,ICV
387,2016-10-28,04:59:49,42.93,13.03,CENTRAL ITALY,11,ML,2.6,540237,4,59,49.0,2016-10-28 04:59:49,ICV
388,2016-10-28,03:00:14,43.01,13.16,CENTRAL ITALY,2,ML,3.5,540209,3,0,14.0,2016-10-28 03:00:14,ICV
389,2016-10-28,02:33:53,42.99,13.15,CENTRAL ITALY,9,ML,3.5,540201,2,33,53.0,2016-10-28 02:33:53,ICV
390,2016-10-28,01:55:09,43.0,13.14,CENTRAL ITALY,9,ML,3.3,540188,1,55,9.0,2016-10-28 01:55:09,ICV
391,2016-10-28,00:14:03,42.96,13.07,CENTRAL ITALY,10,ML,3.4,540155,0,14,3.0,2016-10-28 00:14:03,ICV
392,2016-10-27,23:35:50,42.87,13.15,CENTRAL ITALY,9,ML,3.1,540140,23,35,50.0,2016-10-27 23:35:50,ICV
393,2016-10-27,22:10:32,43.04,13.12,CENTRAL ITALY,8,ML,2.7,540122,22,10,32.0,2016-10-27 22:10:32,ICV
394,2016-10-27,21:54:25,42.88,13.03,CENTRAL ITALY,10,ML,2.8,540117,21,54,25.0,2016-10-27 21:54:25,ICV
395,2016-10-27,20:01:55,42.99,13.06,CENTRAL ITALY,10,ML,3.2,540102,20,1,55.0,2016-10-27 20:01:55,ICV
396,2016-10-27,19:35:54,42.88,13.06,CENTRAL ITALY,10,ML,2.8,540095,19,35,54.0,2016-10-27 19:35:54,ICV
397,2016-10-27,18:50:29,42.83,13.15,CENTRAL ITALY,9,ML,3.1,540093,18,50,29.0,2016-10-27 18:50:29,ICV
398,2016-10-27,17:22:23,42.84,13.1,CENTRAL ITALY,9,ML,4.2,540069,17,22,23.0,2016-10-27 17:22:23,ICV
399,2016-10-27,16:34:06,42.89,13.05,CENTRAL ITALY,10,ML,2.9,540061,16,34,6.0,2016-10-27 16:34:06,ICV
400,2016-10-27,15:54:19,43.0,13.14,CENTRAL ITALY,8,ML,2.6,540055,15,54,19.0,2016-10-27 15:54:19,ICV
401,2016-10-27,14:09:05,42.79,13.16,CENTRAL ITALY,8,ML,3.1,540029,14,9,5.0,2016-10-27 14:09:05,ICV
402,2016-10-27,13:17:26,42.94,13.15,CENTRAL ITALY,9,ML,3.0,540017,13,17,26.0,2016-10-27 13:17:26,ICV
403,2016-10-27,12:34:13,52.94,8.24,GERMANY,5,ML,2.1,540025,12,34,13.0,2016-10-27 12:34:13,DHO
404,2016-10-27,12:34:13,52.94,8.24,GERMANY,5,ML,2.1,540025,12,34,13.0,2016-10-27 12:34:13,GVT
405,2016-10-27,12:19:00,43.02,13.13,CENTRAL ITALY,10,ML,3.8,539998,12,19,0.0,2016-10-27 12:19:00,ICV
406,2016-10-27,11:08:00,42.98,13.05,CENTRAL ITALY,10,ML,3.1,539972,11,8,0.0,2016-10-27 11:08:00,ICV
407,2016-10-27,10:10:25,42.88,13.06,CENTRAL ITALY,11,ML,3.0,539950,10,10,25.0,2016-10-27 10:10:25,ICV
408,2016-10-27,09:32:30,43.05,13.09,CENTRAL ITALY,6,ML,2.8,539947,9,32,30.0,2016-10-27 09:32:30,ICV
409,2016-10-27,08:21:46,42.87,13.1,CENTRAL ITALY,9,MW,4.4,539919,8,21,46.0,2016-10-27 08:21:46,ICV
410,2016-10-27,07:50:29,42.83,13.13,CENTRAL ITALY,9,ML,3.6,539925,7,50,29.0,2016-10-27 07:50:29,ICV
411,2016-10-27,06:34:15,43.03,13.13,CENTRAL ITALY,9,ML,3.0,539916,6,34,15.0,2016-10-27 06:34:15,ICV
412,2016-10-27,05:05:28,42.89,13.05,CENTRAL ITALY,11,ML,3.4,539896,5,5,28.0,2016-10-27 05:05:28,ICV
413,2016-10-27,04:27:18,42.93,13.05,CENTRAL ITALY,10,ML,3.2,539885,4,27,18.0,2016-10-27 04:27:18,ICV
414,2016-10-27,03:19:27,42.84,13.15,CENTRAL ITALY,9,MB,4.4,539844,3,19,27.0,2016-10-27 03:19:27,ICV
415,2016-10-27,02:44:45,42.91,13.05,CENTRAL ITALY,11,ML,3.6,539873,2,44,45.0,2016-10-27 02:44:45,ICV
416,2016-10-27,02:27:13,44.12,18.16,BOSNIA AND HERZEGOVINA,6,ML,2.1,539886,2,27,13.0,2016-10-27 02:27:13,JXN
417,2016-10-27,02:27:13,44.12,18.16,BOSNIA AND HERZEGOVINA,6,ML,2.1,539886,2,27,13.0,2016-10-27 02:27:13,DHO
418,2016-10-27,02:27:13,44.12,18.16,BOSNIA AND HERZEGOVINA,6,ML,2.1,539886,2,27,13.0,2016-10-27 02:27:13,GVT
419,2016-10-27,01:37:07,42.81,13.1,CENTRAL ITALY,10,ML,3.6,539814,1,37,7.0,2016-10-27 01:37:07,ICV
420,2016-10-27,00:21:32,42.96,13.06,CENTRAL ITALY,10,MB,4.2,539777,0,21,32.0,2016-10-27 00:21:32,ICV
421,2016-10-26,23:52:32,42.82,13.14,CENTRAL ITALY,10,MB,4.0,539766,23,52,32.0,2016-10-26 23:52:32,ICV
422,2016-10-26,22:11:27,42.93,13.16,CENTRAL ITALY,8,ML,3.4,539753,22,11,27.0,2016-10-26 22:11:27,ICV
423,2016-10-26,21:42:02,42.86,13.13,CENTRAL ITALY,10,MW,4.7,539714,21,42,2.0,2016-10-26 21:42:02,ICV
424,2016-10-26,20:25:53,42.99,13.14,CENTRAL ITALY,10,ML,3.4,539684,20,25,53.0,2016-10-26 20:25:53,ICV
425,2016-10-26,19:18:07,42.92,13.13,CENTRAL ITALY,8,MW,6.1,539727,19,18,7.0,2016-10-26 19:18:07,ICV
426,2016-10-26,18:39:19,42.88,13.09,CENTRAL ITALY,10,ML,3.3,539647,18,39,19.0,2016-10-26 18:39:19,ICV
427,2016-10-26,17:10:36,42.88,13.13,CENTRAL ITALY,9,MW,5.5,539614,17,10,36.0,2016-10-26 17:10:36,ICV
428,2016-10-26,15:05:52,42.87,13.2,CENTRAL ITALY,8,ML,2.6,539607,15,5,52.0,2016-10-26 15:05:52,ICV
429,2016-10-26,02:14:14,43.94,17.11,BOSNIA AND HERZEGOVINA,2,ML,2.6,539526,2,14,14.0,2016-10-26 02:14:14,ICV
430,2016-10-26,02:14:14,43.94,17.11,BOSNIA AND HERZEGOVINA,2,ML,2.6,539526,2,14,14.0,2016-10-26 02:14:14,GVT
431,2016-10-25,22:36:00,51.57,16.13,POLAND,1,ML,2.7,539478,22,36,0.0,2016-10-25 22:36:00,JXN
432,2016-10-25,16:53:00,43.6,10.99,CENTRAL ITALY,9,ML,3.9,539425,16,53,0.0,2016-10-25 16:53:00,ICV
433,2016-10-24,22:25:24,46.3,13.67,SLOVENIA,10,ML,2.5,539400,22,25,24.0,2016-10-24 22:25:24,DHO
434,2016-10-24,22:25:24,46.3,13.67,SLOVENIA,10,ML,2.5,539400,22,25,24.0,2016-10-24 22:25:24,GVT
435,2016-10-24,18:41:18,43.38,12.55,CENTRAL ITALY,8,ML,3.1,539164,18,41,18.0,2016-10-24 18:41:18,ICV
436,2016-10-23,22:22:41,42.62,13.32,CENTRAL ITALY,9,ML,2.8,538893,22,22,41.0,2016-10-23 22:22:41,ICV
437,2016-10-23,08:18:50,43.12,9.44,LIGURIAN SEA,5,ML,3.0,538861,8,18,50.0,2016-10-23 08:18:50,ICV
438,2016-10-22,22:22:15,42.77,13.17,CENTRAL ITALY,13,ML,2.6,538956,22,22,15.0,2016-10-22 22:22:15,ICV
439,2016-10-22,05:24:56,42.77,13.13,CENTRAL ITALY,6,ML,2.9,538874,5,24,56.0,2016-10-22 05:24:56,ICV
440,2016-10-21,05:52:41,42.58,13.28,CENTRAL ITALY,12,ML,2.2,538433,5,52,41.0,2016-10-21 05:52:41,ICV
441,2016-10-20,18:05:48,42.81,13.23,CENTRAL ITALY,8,ML,2.6,538299,18,5,48.0,2016-10-20 18:05:48,ICV
442,2016-10-20,01:07:07,51.51,16.27,POLAND,1,ML,3.1,538163,1,7,7.0,2016-10-20 01:07:07,JXN
443,2016-10-20,00:09:54,40.76,15.65,SOUTHERN ITALY,17,ML,3.5,538154,0,9,54.0,2016-10-20 00:09:54,ICV
444,2016-10-19,17:08:07,42.88,13.14,CENTRAL ITALY,10,ML,2.5,538088,17,8,7.0,2016-10-19 17:08:07,ICV
445,2016-10-19,16:05:24,45.11,16.26,CROATIA,5,ML,2.4,538192,16,5,24.0,2016-10-19 16:05:24,ICV
446,2016-10-19,16:05:24,45.11,16.26,CROATIA,5,ML,2.4,538192,16,5,24.0,2016-10-19 16:05:24,DHO
447,2016-10-19,16:05:24,45.11,16.26,CROATIA,5,ML,2.4,538192,16,5,24.0,2016-10-19 16:05:24,GVT
448,2016-10-19,14:58:02,42.79,13.13,CENTRAL ITALY,8,ML,2.5,538070,14,58,2.0,2016-10-19 14:58:02,ICV
449,2016-10-19,07:36:16,42.8,13.23,CENTRAL ITALY,7,ML,2.5,537994,7,36,16.0,2016-10-19 07:36:16,ICV
450,2016-10-19,00:52:12,42.81,13.23,CENTRAL ITALY,9,ML,3.0,537954,0,52,12.0,2016-10-19 00:52:12,ICV
451,2016-10-17,23:50:32,51.55,16.18,POLAND,1,ML,4.3,537763,23,50,32.0,2016-10-17 23:50:32,JXN
452,2016-10-17,15:37:36,42.73,13.19,CENTRAL ITALY,10,ML,2.6,537672,15,37,36.0,2016-10-17 15:37:36,ICV
453,2016-10-16,09:32:38,42.74,13.19,CENTRAL ITALY,10,MB,4.2,537305,9,32,38.0,2016-10-16 09:32:38,ICV
454,2016-10-16,07:48:26,42.75,13.18,CENTRAL ITALY,9,ML,3.0,537386,7,48,26.0,2016-10-16 07:48:26,ICV
455,2016-10-15,15:44:46,51.51,15.97,POLAND,1,ML,3.7,537214,15,44,46.0,2016-10-15 15:44:46,JXN
456,2016-10-15,01:30:54,42.89,13.26,CENTRAL ITALY,9,ML,3.0,537065,1,30,54.0,2016-10-15 01:30:54,ICV
457,2016-10-14,18:31:19,42.87,13.07,CENTRAL ITALY,9,ML,2.5,537004,18,31,19.0,2016-10-14 18:31:19,ICV
458,2016-10-14,16:08:48,49.92,8.7,GERMANY,6,ML,2.9,536987,16,8,48.0,2016-10-14 16:08:48,DHO
459,2016-10-14,16:08:48,49.92,8.7,GERMANY,6,ML,2.9,536987,16,8,48.0,2016-10-14 16:08:48,GVT
460,2016-10-14,12:48:34,42.87,13.06,CENTRAL ITALY,9,ML,2.5,536970,12,48,34.0,2016-10-14 12:48:34,ICV
461,2016-10-14,08:45:48,42.87,13.07,CENTRAL ITALY,9,ML,2.8,536932,8,45,48.0,2016-10-14 08:45:48,ICV
462,2016-10-14,04:09:20,42.63,13.33,CENTRAL ITALY,11,ML,3.3,536898,4,9,20.0,2016-10-14 04:09:20,ICV
463,2016-10-14,03:37:44,49.92,8.68,GERMANY,6,ML,2.4,536892,3,37,44.0,2016-10-14 03:37:44,DHO
464,2016-10-14,03:37:44,49.92,8.68,GERMANY,6,ML,2.4,536892,3,37,44.0,2016-10-14 03:37:44,GVT
465,2016-10-13,04:56:49,42.87,13.07,CENTRAL ITALY,9,ML,3.1,536749,4,56,49.0,2016-10-13 04:56:49,ICV
466,2016-10-12,16:28:32,42.87,13.07,CENTRAL ITALY,9,ML,2.5,536655,16,28,32.0,2016-10-12 16:28:32,ICV
468,2016-10-12,02:08:16,42.69,13.26,CENTRAL ITALY,13,ML,2.5,536557,2,8,16.0,2016-10-12 02:08:16,ICV
469,2016-10-11,21:24:10,42.87,13.07,CENTRAL ITALY,8,ML,3.2,536519,21,24,10.0,2016-10-11 21:24:10,ICV
470,2016-10-11,07:33:09,44.11,12.95,NORTHERN ITALY,10,ML,2.9,536397,7,33,9.0,2016-10-11 07:33:09,ICV
471,2016-10-10,23:00:51,42.59,13.3,CENTRAL ITALY,10,ML,2.8,536343,23,0,51.0,2016-10-10 23:00:51,ICV
472,2016-10-10,15:40:54,51.5,16.26,POLAND,1,ML,3.2,536287,15,40,54.0,2016-10-10 15:40:54,JXN
473,2016-10-10,11:43:41,45.94,14.59,SLOVENIA,2,ML,2.0,536262,11,43,41.0,2016-10-10 11:43:41,DHO
474,2016-10-10,11:43:41,45.94,14.59,SLOVENIA,2,ML,2.0,536262,11,43,41.0,2016-10-10 11:43:41,GVT
475,2016-10-10,11:04:18,42.92,13.18,CENTRAL ITALY,10,ML,2.5,536257,11,4,18.0,2016-10-10 11:04:18,ICV
476,2016-10-10,10:50:37,43.27,19.82,SERBIA,2,ML,2.5,536256,10,50,37.0,2016-10-10 10:50:37,ICV
477,2016-10-10,10:50:37,43.27,19.82,SERBIA,2,ML,2.5,536256,10,50,37.0,2016-10-10 10:50:37,JXN
478,2016-10-10,10:50:37,43.27,19.82,SERBIA,2,ML,2.5,536256,10,50,37.0,2016-10-10 10:50:37,DHO
479,2016-10-10,10:50:37,43.27,19.82,SERBIA,2,ML,2.5,536256,10,50,37.0,2016-10-10 10:50:37,GVT
480,2016-10-09,20:42:37,42.91,13.26,CENTRAL ITALY,6,ML,2.6,536129,20,42,37.0,2016-10-09 20:42:37,ICV
483,2016-10-09,10:33:02,42.63,13.21,CENTRAL ITALY,11,ML,2.8,536054,10,33,2.0,2016-10-09 10:33:02,ICV
486,2016-10-09,04:42:42,42.74,13.2,CENTRAL ITALY,10,ML,3.7,536009,4,42,42.0,2016-10-09 04:42:42,ICV
487,2016-10-09,03:36:09,45.17,18.34,CROATIA,8,ML,2.8,535989,3,36,9.0,2016-10-09 03:36:09,ICV
488,2016-10-09,03:36:09,45.17,18.34,CROATIA,8,ML,2.8,535989,3,36,9.0,2016-10-09 03:36:09,JXN
489,2016-10-09,03:36:09,45.17,18.34,CROATIA,8,ML,2.8,535989,3,36,9.0,2016-10-09 03:36:09,DHO
490,2016-10-09,03:36:09,45.17,18.34,CROATIA,8,ML,2.8,535989,3,36,9.0,2016-10-09 03:36:09,GVT
491,2016-10-09,02:47:28,42.74,13.19,CENTRAL ITALY,10,ML,3.1,535982,2,47,28.0,2016-10-09 02:47:28,ICV
492,2016-10-08,23:57:09,42.76,13.12,CENTRAL ITALY,10,ML,2.8,535953,23,57,9.0,2016-10-08 23:57:09,ICV
493,2016-10-08,18:11:09,42.74,13.19,CENTRAL ITALY,11,ML,3.9,535879,18,11,9.0,2016-10-08 18:11:09,ICV
494,2016-10-08,12:19:03,42.75,13.18,CENTRAL ITALY,9,ML,3.6,535826,12,19,3.0,2016-10-08 12:19:03,ICV
495,2016-10-08,11:41:50,42.63,13.22,CENTRAL ITALY,12,ML,2.7,535815,11,41,50.0,2016-10-08 11:41:50,ICV
496,2016-10-08,08:15:01,42.78,13.2,CENTRAL ITALY,10,ML,3.2,535797,8,15,1.0,2016-10-08 08:15:01,ICV
498,2016-10-07,18:54:00,42.78,13.13,CENTRAL ITALY,10,ML,2.7,535682,18,54,0.0,2016-10-07 18:54:00,ICV
501,2016-10-07,09:25:46,45.19,18.3,CROATIA,6,ML,4.1,535617,9,25,46.0,2016-10-07 09:25:46,ICV
502,2016-10-07,09:25:46,45.19,18.3,CROATIA,6,ML,4.1,535617,9,25,46.0,2016-10-07 09:25:46,JXN
503,2016-10-07,09:25:46,45.19,18.3,CROATIA,6,ML,4.1,535617,9,25,46.0,2016-10-07 09:25:46,DHO
504,2016-10-07,09:25:46,45.19,18.3,CROATIA,6,ML,4.1,535617,9,25,46.0,2016-10-07 09:25:46,GVT
505,2016-10-07,07:46:06,42.9,13.25,CENTRAL ITALY,8,ML,3.3,535602,7,46,6.0,2016-10-07 07:46:06,ICV
506,2016-10-07,04:34:42,42.78,13.13,CENTRAL ITALY,10,ML,2.8,535578,4,34,42.0,2016-10-07 04:34:42,ICV
507,2016-10-07,03:43:03,47.48,10.67,AUSTRIA,5,ML,2.1,535624,3,43,3.0,2016-10-07 03:43:03,GVT
508,2016-10-06,21:58:50,51.44,16.22,POLAND,1,ML,2.9,535522,21,58,50.0,2016-10-06 21:58:50,JXN
509,2016-10-06,21:29:56,42.62,13.36,CENTRAL ITALY,18,ML,2.8,535520,21,29,56.0,2016-10-06 21:29:56,ICV
510,2016-10-06,17:54:14,42.89,13.25,CENTRAL ITALY,10,ML,3.0,535493,17,54,14.0,2016-10-06 17:54:14,ICV
511,2016-10-06,16:09:44,42.88,13.14,CENTRAL ITALY,9,ML,3.0,535479,16,9,44.0,2016-10-06 16:09:44,ICV
512,2016-10-06,15:33:55,44.58,17.61,BOSNIA AND HERZEGOVINA,2,ML,2.8,535476,15,33,55.0,2016-10-06 15:33:55,ICV
513,2016-10-06,15:33:55,44.58,17.61,BOSNIA AND HERZEGOVINA,2,ML,2.8,535476,15,33,55.0,2016-10-06 15:33:55,JXN
514,2016-10-06,15:33:55,44.58,17.61,BOSNIA AND HERZEGOVINA,2,ML,2.8,535476,15,33,55.0,2016-10-06 15:33:55,DHO
515,2016-10-06,15:33:55,44.58,17.61,BOSNIA AND HERZEGOVINA,2,ML,2.8,535476,15,33,55.0,2016-10-06 15:33:55,GVT
516,2016-10-06,11:52:44,42.77,13.24,CENTRAL ITALY,10,ML,2.5,535453,11,52,44.0,2016-10-06 11:52:44,ICV
517,2016-10-06,05:34:18,42.79,13.22,CENTRAL ITALY,10,ML,3.2,535406,5,34,18.0,2016-10-06 05:34:18,ICV
518,2016-10-06,01:25:27,51.31,16.1,POLAND,1,ML,2.7,535377,1,25,27.0,2016-10-06 01:25:27,JXN
519,2016-10-05,12:29:31,42.64,13.22,CENTRAL ITALY,12,ML,3.2,535261,12,29,31.0,2016-10-05 12:29:31,ICV
520,2016-10-05,12:17:44,50.36,7.92,GERMANY,3,ML,2.2,535257,12,17,44.0,2016-10-05 12:17:44,DHO
521,2016-10-05,12:17:44,50.36,7.92,GERMANY,3,ML,2.2,535257,12,17,44.0,2016-10-05 12:17:44,GVT
522,2016-10-05,06:27:03,47.12,11.37,AUSTRIA,5,ML,2.3,535432,6,27,3.0,2016-10-05 06:27:03,GVT
523,2016-10-04,22:20:03,50.07,19.22,POLAND,1,ML,2.6,535164,22,20,3.0,2016-10-04 22:20:03,JXN
524,2016-10-04,17:06:09,50.12,18.45,POLAND,1,ML,2.9,535129,17,6,9.0,2016-10-04 17:06:09,JXN
525,2016-10-04,12:41:35,42.86,13.12,CENTRAL ITALY,9,ML,3.9,535083,12,41,35.0,2016-10-04 12:41:35,ICV
526,2016-10-04,10:18:05,43.11,13.4,CENTRAL ITALY,22,ML,2.4,535045,10,18,5.0,2016-10-04 10:18:05,ICV
527,2016-10-04,09:33:10,42.76,13.16,CENTRAL ITALY,13,ML,2.3,535035,9,33,10.0,2016-10-04 09:33:10,ICV
528,2016-10-04,02:39:10,42.5,19.18,MONTENEGRO,21,ML,2.3,534973,2,39,10.0,2016-10-04 02:39:10,ICV
529,2016-10-03,23:09:28,42.78,13.12,CENTRAL ITALY,10,ML,2.6,534959,23,9,28.0,2016-10-03 23:09:28,ICV
530,2016-10-03,21:30:15,42.83,13.22,CENTRAL ITALY,8,ML,2.6,534943,21,30,15.0,2016-10-03 21:30:15,ICV
531,2016-10-03,16:52:00,43.22,21.39,SERBIA,5,ML,2.5,534890,16,52,0.0,2016-10-03 16:52:00,ICV
532,2016-10-03,16:52:00,43.22,21.39,SERBIA,5,ML,2.5,534890,16,52,0.0,2016-10-03 16:52:00,JXN
533,2016-10-03,16:52:00,43.22,21.39,SERBIA,5,ML,2.5,534890,16,52,0.0,2016-10-03 16:52:00,DHO
534,2016-10-03,16:52:00,43.22,21.39,SERBIA,5,ML,2.5,534890,16,52,0.0,2016-10-03 16:52:00,GVT
535,2016-10-02,23:47:07,42.79,13.23,CENTRAL ITALY,9,ML,3.4,534786,23,47,7.0,2016-10-02 23:47:07,ICV
536,2016-10-02,21:25:28,42.84,13.23,CENTRAL ITALY,8,ML,2.7,534767,21,25,28.0,2016-10-02 21:25:28,ICV
537,2016-10-02,19:41:19,42.5,19.19,MONTENEGRO,18,ML,3.9,534757,19,41,19.0,2016-10-02 19:41:19,ICV
538,2016-10-02,15:20:08,42.81,13.24,CENTRAL ITALY,8,ML,2.6,534737,15,20,8.0,2016-10-02 15:20:08,ICV
539,2016-10-02,12:16:49,43.55,13.77,CENTRAL ITALY,9,ML,2.6,534720,12,16,49.0,2016-10-02 12:16:49,ICV
540,2016-10-02,00:38:18,43.86,16.84,BOSNIA AND HERZEGOVINA,4,ML,2.2,534711,0,38,18.0,2016-10-02 00:38:18,ICV
541,2016-10-01,22:42:02,41.38,13.86,SOUTHERN ITALY,10,ML,2.4,534650,22,42,2.0,2016-10-01 22:42:02,ICV
542,2016-10-01,21:33:01,43.46,17.57,BOSNIA AND HERZEGOVINA,3,ML,2.5,534709,21,33,1.0,2016-10-01 21:33:01,ICV
543,2016-10-01,11:56:09,42.91,13.25,CENTRAL ITALY,10,ML,2.8,534579,11,56,9.0,2016-10-01 11:56:09,ICV
544,2016-10-01,03:15:40,42.81,13.23,CENTRAL ITALY,8,ML,2.5,534491,3,15,40.0,2016-10-01 03:15:40,ICV
545,2016-10-01,00:15:09,42.76,13.24,CENTRAL ITALY,10,ML,2.5,534441,0,15,9.0,2016-10-01 00:15:09,ICV
546,2016-09-30,22:18:10,48.52,10.26,GERMANY,30,ML,2.0,535076,22,18,10.0,2016-09-30 22:18:10,DHO
547,2016-09-30,22:18:10,48.52,10.26,GERMANY,30,ML,2.0,535076,22,18,10.0,2016-09-30 22:18:10,GVT
548,2016-09-30,19:38:37,42.9,13.24,CENTRAL ITALY,9,ML,3.8,534393,19,38,37.0,2016-09-30 19:38:37,ICV
549,2016-09-30,15:08:00,42.71,13.21,CENTRAL ITALY,11,ML,2.5,534361,15,8,0.0,2016-09-30 15:08:00,ICV
550,2016-09-30,05:58:38,44.43,21.67,SERBIA,2,ML,2.5,534290,5,58,38.0,2016-09-30 05:58:38,ICV
551,2016-09-30,05:58:38,44.43,21.67,SERBIA,2,ML,2.5,534290,5,58,38.0,2016-09-30 05:58:38,JXN
552,2016-09-30,05:58:38,44.43,21.67,SERBIA,2,ML,2.5,534290,5,58,38.0,2016-09-30 05:58:38,DHO
553,2016-09-30,05:58:38,44.43,21.67,SERBIA,2,ML,2.5,534290,5,58,38.0,2016-09-30 05:58:38,GVT
